title,website_url,location,is_online_or_hybrid,start_date,end_date,linguistic_field(s),subject_language(s),LINGUISTList_url
11th International Conference on Construction Grammar (ICCG11),https://www.uantwerpen.be/iccg11,Antwerp,False,18-Aug-2021,20-Aug-2021,Computational Linguistics; General Linguistics; Historical Linguistics; Language Acquisition; Text/Corpus Linguistics,,https://old.linguistlist.org/callconf/browse-conf-action.cfm?ConfID=432876
15th Nilo-Saharan Linguistics Colloquium,https://www.ed.ac.uk/ppls/linguistics-and-english-language/events/nilo-saharan-linguistics-colloquium-2021-08-04,Nairobi (Online),True,04-Aug-2021,06-Aug-2021,Anthropological Linguistics; Applied Linguistics; General Linguistics; Genetic Classification; Language Documentation ,,https://old.linguistlist.org/callconf/browse-conf-action.cfm?ConfID=420076
16th International Conference on Role and Reference Grammar 2021 (RRG2021),https://rrg2021.apps01.yorku.ca/,"Online, Toronto, Ontario",True,04-Aug-2021,06-Aug-2021,Morphology; Pragmatics; Semantics; Syntax; Typology,,https://old.linguistlist.org/callconf/browse-conf-action.cfm?ConfID=434116
17th Workshop on Multiword Expressions (MWE 2021),https://multiword.org/mwe2021/,Bangkok (Online),True,05-Aug-2021,06-Aug-2021,Computational Linguistics,,https://old.linguistlist.org/callconf/browse-conf-action.cfm?ConfID=437176
22nd Meeting of the International Circle of Korean Linguistics (ICKL2021),https://ickl.modoo.at/,"National Chengchi University, Taipei",False,16-Aug-2021,18-Aug-2021,General Linguistics,Korean,https://old.linguistlist.org/callconf/browse-conf-action.cfm?ConfID=430736
23rd Seoul International Conference on Generative Grammar (SICOGG23),http://www.kggc.org,Online,True,11-Aug-2021,13-Aug-2021,Applied Linguistics; General Linguistics; Language Acquisition; Linguistic Theories,,https://old.linguistlist.org/callconf/browse-conf-action.cfm?ConfID=444537
2nd Conference on easy-to-read language research (KLAARA 2021),http://klaara.ch,Olten,False,30-Aug-2021,31-Aug-2021,Applied Linguistics; Lexicography; Sociolinguistics; Syntax; Text/Corpus Linguistics,,https://old.linguistlist.org/callconf/browse-conf-action.cfm?ConfID=428396
2nd International Workshop on Computational Approaches to Historical Language Change 2021 (ACL 2021) (LChange 2021),https://languagechange.org/events/2021-acl-lchange/,Bangkok,False,05-Aug-2021,06-Aug-2021,Computational Linguistics,,https://old.linguistlist.org/callconf/browse-conf-action.cfm?ConfID=440556
54th Annual Meeting of the Societas Linguistica Europaea (SLE 2021),https://societaslinguistica.eu/meetings/,Athens,False,31-Aug-2021,03-Sep-2021,General Linguistics,,https://old.linguistlist.org/callconf/browse-conf-action.cfm?ConfID=383276
5th American International Morphology Meeting,https://www.ling.ohio-state.edu/AIMM5/index.html,"Columbus, OH (Online)",True,26-Aug-2021,29-Aug-2021,Linguistic Theories; Morphology ,,https://old.linguistlist.org/callconf/browse-conf-action.cfm?ConfID=424256
7th International Language Management Symposium: Standardization as Language Management (ILMS 7),https://lms.ffzg.unizg.hr/,Zagreb and Online,True,30-Aug-2021,31-Aug-2021,Sociolinguistics,,https://old.linguistlist.org/callconf/browse-conf-action.cfm?ConfID=445256
Approaches to implicature: Rational choice and/or exhaustification,https://sites.google.com/view/approachestoimplicature/,Bolzano,False,09-Aug-2021,13-Aug-2021,Pragmatics; Psycholinguistics; Semantics ,,https://old.linguistlist.org/callconf/browse-conf-action.cfm?ConfID=448696
Automatic Spoken Language Translation in Real-World Settings,https://cai.uni-mainz.de/asltrw/,Orlando,False,16-Aug-2021,20-Aug-2021,Computational Linguistics; Translation,,https://old.linguistlist.org/callconf/browse-conf-action.cfm?ConfID=444036
Challenges and Applications of Automated Extraction of Socio-political Events from Text @ACL-IJCNLP (CASE),https://emw.ku.edu.tr/case-2021/,Bangkok (Online),True,05-Aug-2021,06-Aug-2021,Computational Linguistics; General Linguistics; Language Documentation; Text/Corpus Linguistics,,https://old.linguistlist.org/callconf/browse-conf-action.cfm?ConfID=436356
ConLAUNA VIRTUAL 2021 (ConLAUNA),https://www.srb.una.ac.cr/index.php/es/conlauna,"Perez Zeledon, San Jose (Virtual)",True,25-Aug-2021,27-Aug-2021,Applied Linguistics; Language Acquisition ,English ,https://old.linguistlist.org/callconf/browse-conf-action.cfm?ConfID=442016
Continuative and contrastive discourse relations across discourse domains: Cognitive and cross-linguistic approaches,,,,,,Discourse Analysis,,https://old.linguistlist.org/callconf/browse-conf-action.cfm?ConfID=427916
Continuative and contrastive discourse relations across discourse domains: Cognitive and cross-linguistic approaches,,,,,,Discourse Analysis,,https://old.linguistlist.org/callconf/browse-conf-action.cfm?ConfID=428556
Danish and German as European neighbour languages: An international conference on language contact in border zones and multilingual cities,https://engerom.ku.dk/english/calendar/danish-and-german-as-european-neighbour-languages/,University of Copenhagen,False,24-Aug-2021,25-Aug-2021,Sociolinguistics ,,https://old.linguistlist.org/callconf/browse-conf-action.cfm?ConfID=448476
Disfluency in Spontaneous Speech (DiSS),http://diss2021.fr/,Université Paris 8 Vincennes - Saint-Denis,False,26-Aug-2021,27-Aug-2021,Applied Linguistics; Neurolinguistics; Psycholinguistics,,https://old.linguistlist.org/callconf/browse-conf-action.cfm?ConfID=429396
Enhancing Collaborative and Interdisciplinary Research on Languages in Eastern Africa (LAEA 2),http://www.thelaea.org,Eldoret,False,12-Aug-2021,13-Aug-2021,Applied Linguistics; General Linguistics,,https://old.linguistlist.org/callconf/browse-conf-action.cfm?ConfID=441036
Experimental approaches to language universals in structure and meaning (ExUni2021),http://www.syncog.ppls.ed.ac.uk/ESSLLI/index.html,Online,True,02-Aug-2021,03-Aug-2021,Cognitive Science; Language Acquisition; Psycholinguistics; Semantics; Syntax,,https://old.linguistlist.org/callconf/browse-conf-action.cfm?ConfID=444296
Extensive Reading Around the World (ERAW2021),https://erfoundation.org/eraw/,Online Conference,True,13-Aug-2021,15-Aug-2021,Applied Linguistics; General Linguistics; Language Acquisition; Ling &amp; Literature; Text/Corpus Linguistics ,,https://old.linguistlist.org/callconf/browse-conf-action.cfm?ConfID=434716
"First Annual Graduate Students in Language, Communication and Culture Conference 2021 (GSLCC 2021)",https://langcultcom.arts.ualberta.ca/home/grad-conference,Edmonton,False,11-Aug-2021,12-Aug-2021,Anthropological Linguistics; Applied Linguistics; General Linguistics; Psycholinguistics,,https://old.linguistlist.org/callconf/browse-conf-action.cfm?ConfID=445796
First International Workshop Automatic Translation for Sign and Verbal Languages (AT4SVL 2021 @MTSummit2021) (AT4SVL 2021),https://sites.google.com/tilburguniversity.edu/at4svl2021/home,Online - MTSummit2021,True,20-Aug-2021,20-Aug-2021,Computational Linguistics; Translation,,https://old.linguistlist.org/callconf/browse-conf-action.cfm?ConfID=446256
First Workshop on Understanding Implicit and Underspecified Language (UnImplicit),https://unimplicit.github.io/,Bangkok,False,05-Aug-2021,06-Aug-2021,Applied Linguistics; Computational Linguistics; Pragmatics; Semantics,,https://old.linguistlist.org/callconf/browse-conf-action.cfm?ConfID=435896
International Conference on the Structure of Hungarian (ICSH15),https://icsh15.netlify.app/,Pécs,False,25-Aug-2021,26-Aug-2021,Morphology; Phonetics; Phonology; Semantics; Syntax ,Hungarian ,https://old.linguistlist.org/callconf/browse-conf-action.cfm?ConfID=438516
International Connect Malaysia 3 (Connect'M),https://connectm3.wixsite.com/website,Online,True,17-Aug-2021,19-Aug-2021,Applied Linguistics; Clinical Linguistics; Language Acquisition; Neurolinguistics; Psycholinguistics,,https://old.linguistlist.org/callconf/browse-conf-action.cfm?ConfID=447356
International Workshop on Intelligent Data – From Data to Knowledge (DOING 2021),https://www.univ-orleans.fr/lifo/evenements/doing/?page_id=551,Tartu,False,24-Aug-2021,24-Aug-2021,Computational Linguistics,,https://old.linguistlist.org/callconf/browse-conf-action.cfm?ConfID=439656
Reconnecting the LESLLA Community in 2021 (LESLLA),https://www.leslla.org/,Online,True,11-Aug-2021,12-Aug-2021,General Linguistics; Linguistic Theories,,https://old.linguistlist.org/callconf/browse-conf-action.cfm?ConfID=445236
Small-Scale Multilingualism Conference 2 (SSML2),https://www.helsinki.fi/en/conferences/small-scale-multilingualism-conference-2-ssml2,Helsinki (online),True,16-Aug-2021,18-Aug-2021,Sociolinguistics,,https://old.linguistlist.org/callconf/browse-conf-action.cfm?ConfID=440036
The International Association for Forensic Phonetics and Acoustics (IAFPA) Conference (IAFPA2021),https://www.uni-marburg.de/en/fb09/institutes/german-linguistics/phonetics/iafpa2021,Marburg (Online),True,22-Aug-2021,25-Aug-2021,Computational Linguistics; Forensic Linguistics; Neurolinguistics; Phonetics,,https://old.linguistlist.org/callconf/browse-conf-action.cfm?ConfID=444056
The Japan Association of College English Teachers (JACET) 60th Anniversary Commemoration Week - 48th Summer Seminar and 60th Commemorative International Convention (JACET2021),https://jacet.org/jacet60th/,Online,True,25-Aug-2021,29-Aug-2021,Applied Linguistics,English,https://old.linguistlist.org/callconf/browse-conf-action.cfm?ConfID=436936
Variation And Linguistic Processing 5 (VALP5),https://nors.ku.dk/english/calendar/2021/5th-variation-and-language-processing-conference/,University of Copenhagen,False,25-Aug-2021,27-Aug-2021,Cognitive Science; General Linguistics; Neurolinguistics; Psycholinguistics; Sociolinguistics,,https://old.linguistlist.org/callconf/browse-conf-action.cfm?ConfID=439416
Young Female Researchers in Speech Workshop 2021 (YFRSW 2021),https://sites.google.com/view/yfrsw-2021,Brno (Online),True,29-Aug-2021,29-Aug-2021,Applied Linguistics; Computational Linguistics; Neurolinguistics; Psycholinguistics,,https://old.linguistlist.org/callconf/browse-conf-action.cfm?ConfID=445836
12th Linguistic Landscape Workshop,https://sprak.gu.se/english/research/conferences/ll12,Online/Gothenburg,True,01-Sep-2021,03-Sep-2021,General Linguistics,,https://old.linguistlist.org/callconf/browse-conf-action.cfm?ConfID=437876
14th Congresso Alemão de Lusitanistas 2021,https://www.lusitanistentag2021-leipzig.de/pagina-inicial/,Leipzig,False,15-Sep-2021,19-Sep-2021,General Linguistics,Portuguese,https://old.linguistlist.org/callconf/browse-conf-action.cfm?ConfID=439936
14th WORKSHOP ON BUILDING AND USING COMPARABLE CORPORA (online) (BUCC 2021),https://comparable.limsi.fr/bucc2021/,Online,True,06-Sep-2021,06-Sep-2021,Computational Linguistics; Text/Corpus Linguistics,,https://old.linguistlist.org/callconf/browse-conf-action.cfm?ConfID=446116
16th Annual Meeting of the Slavic Linguistics Society (SLS-16),https://publish.illinois.edu/sls16uiuc2021/,"Urbana, IL (Virtual)",True,03-Sep-2021,05-Sep-2021,General Linguistics,,https://old.linguistlist.org/callconf/browse-conf-action.cfm?ConfID=430556
18° Linguistic Conference for PhD Students / 18. Sprachwissenschaftliche Tagung für Promotionsstudierende (STaPs),https://staps.stuts.eu/18-staps-salzburg/,Salzburg (Online),True,24-Sep-2021,25-Sep-2021,Applied Linguistics; General Linguistics,German,https://old.linguistlist.org/callconf/browse-conf-action.cfm?ConfID=447176
1920-2020: un secolo di parole e immagini per raccontare / 1920-2020: A century of words and images telling the story of amnesia - International Conference,https://amnesiedautore.uniurb.it/?page_id=229,Urbino,False,23-Sep-2021,24-Sep-2021,Ling &amp; Literature,,https://old.linguistlist.org/callconf/browse-conf-action.cfm?ConfID=440876
1971-2021: 50 ans de corpus montréalais,http://colloque-corpus.evenement.usherbrooke.ca,Montreal,False,16-Sep-2021,18-Sep-2021,Sociolinguistics,French,https://old.linguistlist.org/callconf/browse-conf-action.cfm?ConfID=423756
1st International MiLLaT Conference Mediation in Language Learning and Teaching (MiLLaT),http://millat.uw.edu.pl/conference/,Online,True,09-Sep-2021,09-Sep-2021,Applied Linguistics,,https://old.linguistlist.org/callconf/browse-conf-action.cfm?ConfID=444016
1st International Workshop on Digital Language Archives LangArc 2021,https://jcdl2021dla.ci.unt.edu/,Online,True,30-Sep-2021,30-Sep-2021,Language Documentation; Text/Corpus Linguistics,,https://old.linguistlist.org/callconf/browse-conf-action.cfm?ConfID=450116
20th International Symposium of Processability Approaches to Language Acquisition (PALA 2021),https://webmagazine.unitn.it/en/evento/lettere/74800/pala-2021,Università di Trento,False,24-Sep-2021,25-Sep-2021,Language Acquisition,,https://old.linguistlist.org/callconf/browse-conf-action.cfm?ConfID=434056
25TH WORKSHOP ON THE SEMANTICS AND PRAGMATICS OF DIALOGUE (SemDial 2021 - PotsDial),https://semdial2021.ling.uni-potsdam.de,Potsdam and Online,True,20-Sep-2021,22-Sep-2021,Computational Linguistics; Pragmatics; Semantics,,https://old.linguistlist.org/callconf/browse-conf-action.cfm?ConfID=442516
30th European Systemic Functional Linguistics Conference (ESFLC2021),https://www.esflc2021.org.uk/,Sheffield (Online),True,15-Sep-2021,17-Sep-2021,Discourse Analysis; Language Acquisition; Linguistic Theories; Sociolinguistics; Text/Corpus Linguistics,,https://old.linguistlist.org/callconf/browse-conf-action.cfm?ConfID=441716
3rd Financial Narrative Processing Workshop (FNP 2021),http://wp.lancs.ac.uk/cfie/fnp2021/,Lancaster University and Yseop (Online),True,15-Sep-2021,16-Sep-2021,Applied Linguistics,,https://old.linguistlist.org/callconf/browse-conf-action.cfm?ConfID=444416
3rd ILLA FOCUS CONFERENCE ON FORENSIC LINGUISTICS: LANGUAGE AS EVIDENCE,https://illaconferences2021.ua.es/en/focus-conference,Alicante,False,06-Sep-2021,06-Sep-2021,Forensic Linguistics,,https://old.linguistlist.org/callconf/browse-conf-action.cfm?ConfID=434796
"3rd International Conference on Language, Linguistics and Society (ICLALIS 2021)",https://iclalis2021.wixsite.com/home,"Kota Kinabalu, Sabah (online)",True,14-Sep-2021,15-Sep-2021,Applied Linguistics; Discourse Analysis; Lexicography; Sociolinguistics; Text/Corpus Linguistics,,https://old.linguistlist.org/callconf/browse-conf-action.cfm?ConfID=444656
3rd International Symposium on Applied Phonetics 2021,http://wwwa.fundacio.urv.cat/congressos/isaph2021/,"Universitat Rovira i Virgili, Tarragona (Online)",True,06-Sep-2021,08-Sep-2021,Applied Linguistics; Language Acquisition; Phonetics; Phonology,,https://old.linguistlist.org/callconf/browse-conf-action.cfm?ConfID=441576
3rd International Workshop on Resources and Tools for Derivational Morphology (DeriMo 2021),http://nabil.hathout.free.fr/DeriMo2021/,Nancy (Online),True,09-Sep-2021,10-Sep-2021,Computational Linguistics; Morphology,,https://old.linguistlist.org/callconf/browse-conf-action.cfm?ConfID=424676
50th Poznan Linguistic Meeting (PLM2021),http://wa.amu.edu.pl/plm/,Poznan,False,16-Sep-2021,19-Sep-2021,Discipline of Linguistics; General Linguistics,,https://old.linguistlist.org/callconf/browse-conf-action.cfm?ConfID=435536
5th ILLA GENERAL CONFERENCE: LANGUAGE AND LAW IN THE AGE OF MIGRATION,https://illaconferences2021.ua.es/,Alicante,False,07-Sep-2021,09-Sep-2021,Forensic Linguistics,,https://old.linguistlist.org/callconf/browse-conf-action.cfm?ConfID=434776
5th International Conference on Kurdish Linguistics (ICKL-5),https://kurdishlinguistics2021.uni-graz.at/en/conference/call-for-papers/,Graz,False,24-Sep-2021,25-Sep-2021,General Linguistics; Language Acquisition; Sociolinguistics; Text/Corpus Linguistics; Typology,,https://old.linguistlist.org/callconf/browse-conf-action.cfm?ConfID=440236
6th Prescriptivism Conference (Prescriptivism2021),http://prescriptivism2021.uvigo.gal,Online,True,23-Sep-2021,25-Sep-2021,Historical Linguistics; Ling &amp; Literature; Sociolinguistics,,https://old.linguistlist.org/callconf/browse-conf-action.cfm?ConfID=334176
9th Biennial International Conference on the Linguistics of Contemporary English (BICLCE),http://biclce21.ff.uni-lj.si/,Ljubljana,False,23-Sep-2021,25-Sep-2021,Discourse Analysis; Language Acquisition; Phonology; Syntax; Text/Corpus Linguistics,English,https://old.linguistlist.org/callconf/browse-conf-action.cfm?ConfID=422616
9th Brno Conference on Linguistics Studies in English: Patterns and variation in English language discourse (9th BCLSE),https://bclse.ped.muni.cz/,"Masaryk University, Faculty of Education, Brno",False,16-Sep-2021,17-Sep-2021,Applied Linguistics; Discourse Analysis; Pragmatics; Sociolinguistics; Text/Corpus Linguistics,,https://old.linguistlist.org/callconf/browse-conf-action.cfm?ConfID=441656
Abralin International Congress (InterAb),https://interab12.abralin.org/,Online,True,22-Sep-2021,30-Sep-2021,General Linguistics,,https://old.linguistlist.org/callconf/browse-conf-action.cfm?ConfID=438196
Afrikaans Grammar Workshop III (AGW3),https://neerlandistiek.nl/2021/05/september-30-and-october-1-2021-afrikaans-grammar-workshop-iii-amsterdam-call-for-abstracts/,Amsterdam (Hybrid),True,30-Sep-2021,01-Oct-2021,General Linguistics; Morphology; Phonetics; Phonology; Syntax,Afrikaans,https://old.linguistlist.org/callconf/browse-conf-action.cfm?ConfID=445656
British Association for Applied Linguistics 2021 (BAAL2021),https://www.northumbria.ac.uk/about-us/news-events/events/2021/09/baal-2020/,Newcastle,False,09-Sep-2021,11-Sep-2021,Applied Linguistics; Text/Corpus Linguistics,,https://old.linguistlist.org/callconf/browse-conf-action.cfm?ConfID=435416
Children and Languages Today 2021: Reading in contemporary context (ChiLa 2021),https://chila.eu,Osijek,False,16-Sep-2021,18-Sep-2021,Applied Linguistics; Cognitive Science; Language Acquisition; Psycholinguistics; Sociolinguistics,,https://old.linguistlist.org/callconf/browse-conf-action.cfm?ConfID=443936
Cognitive Linguistics in the Year 2020,http://ptjk2020.uni.lodz.pl/,Lodz,False,23-Sep-2021,25-Sep-2021,Cognitive Science; Linguistic Theories,English,https://old.linguistlist.org/callconf/browse-conf-action.cfm?ConfID=412996
Colloque international : Médiation(s) et médiatisation(s) en classe de langue. Quelle(s) mise(s) en oeuvre ? Quelles conséquences ?,https://www.uco.fr/fr/colloque/colloque-mediations-et-mediatisations-en-classe-de-langue,Angers (Online),True,27-Sep-2021,28-Sep-2021,Applied Linguistics; Language Acquisition,,https://old.linguistlist.org/callconf/browse-conf-action.cfm?ConfID=427936
Colorful concepts from a linguistic point of view,,"Ruhr University Bochum, Zoom (Online)",True,09-Sep-2021,10-Sep-2021,Cognitive Science; Pragmatics; Semantics,,https://old.linguistlist.org/callconf/browse-conf-action.cfm?ConfID=440436
"Complex prepositions in French: Theories, descriptions, applications (PrepComp 2021)",https://blogs.univ-tlse2.fr/prepcomp2021/,Toulouse,False,29-Sep-2021,02-Oct-2021,Historical Linguistics; Lexicography; Semantics; Syntax; Typology,French,https://old.linguistlist.org/callconf/browse-conf-action.cfm?ConfID=435336
"Concepts in Action: Representation, Learning, and Application (CARLA)",https://www.conceptuccino.uni-osnabrueck.de/carla_workshop/carla_2021.html,Bolzano & Virtual,True,16-Sep-2021,17-Sep-2021,Cognitive Science; Computational Linguistics; General Linguistics; Pragmatics; Semantics,,https://old.linguistlist.org/callconf/browse-conf-action.cfm?ConfID=438456
Conference on Asian Linguistic Anthropology 2021 (GLOCAL CALA 2021),https://cala2021.upd.edu.ph/,University of The Philippines Diliman,False,01-Sep-2021,04-Sep-2021,Anthropological Linguistics; Discourse Analysis; General Linguistics; Language Documentation; Sociolinguistics,,https://old.linguistlist.org/callconf/browse-conf-action.cfm?ConfID=430676
Conventional and unconventional ways of transmitting and revitalizing minoritized languages (CUWTRML),https://ispan.waw.pl/default/,Warsaw,False,08-Sep-2021,09-Sep-2021,Anthropological Linguistics; Language Documentation; Sociolinguistics,,https://old.linguistlist.org/callconf/browse-conf-action.cfm?ConfID=438016
Cross-linguistic Perspectives on Processing and Learning 2021 (X-PPL 2021),https://www.comparativelinguistics.uzh.ch/en/events/x-ppl2021/CfP.html,Zürich (Online),True,16-Sep-2021,17-Sep-2021,Cognitive Science; Language Acquisition; Psycholinguistics; Text/Corpus Linguistics; Typology,,https://old.linguistlist.org/callconf/browse-conf-action.cfm?ConfID=448916
Dialettologia ed etimologia. Metodologie e cantieri aperti,https://www.unil.ch/ital/convegni,Lausanne,False,07-Sep-2021,08-Sep-2021,General Linguistics; Historical Linguistics; Lexicography; Sociolinguistics ,,https://old.linguistlist.org/callconf/browse-conf-action.cfm?ConfID=449556
Early Career Symposium at the 12th International Conference on Formal Ontology in Information Systems ([email protected]),https://fois2021.inf.unibz.it/ecs/,email protected,False,Hybrid (onl, and Bozen-Bolzano),Cognitive Science; Computational Linguistics; Philosophy of Language; Semantics; Text/Corpus Linguistics,,https://old.linguistlist.org/callconf/browse-conf-action.cfm?ConfID=443176
Encuentro de Lingüística Formal en México / Formal Linguistics Meeting in Mexico (ELF 2),https://encuentrodelinguisticaformalmx.wordpress.com,Puebla (Online),True,08-Sep-2021,10-Sep-2021,General Linguistics,,https://old.linguistlist.org/callconf/browse-conf-action.cfm?ConfID=440116
English for Healthcare Virtual Symposium,http://www.ealthy.com,Online,True,17-Sep-2021,17-Sep-2021,Applied Linguistics,English,https://old.linguistlist.org/callconf/browse-conf-action.cfm?ConfID=435116
Epenthesis and Beyond,https://www.stonybrook.edu/epenthesis,Virtual (Stony Brook University),True,17-Sep-2021,19-Sep-2021,General Linguistics; Morphology; Phonetics; Phonology,,https://old.linguistlist.org/callconf/browse-conf-action.cfm?ConfID=444676
"Evidentiality 2.0: Integrating egophoricity, focusing on equipollent contrasts, and re-examining visual evidentials",https://www.isw.unibe.ch/forschung/workshops/workshop_evidentiality_20/index_ger.html,Bern,False,05-Sep-2021,06-Sep-2021,Historical Linguistics; Semantics; Typology,,https://old.linguistlist.org/callconf/browse-conf-action.cfm?ConfID=430316
Fifth meeting of the Red Europea para el Estudio de las Lenguas Andinas (European Network for the Study of Andean Languages) (REELA),,Tübingen,False,10-Sep-2021,12-Sep-2021,Historical Linguistics,,https://old.linguistlist.org/callconf/browse-conf-action.cfm?ConfID=420696
FIFTHTEENTH CONFERENCE OF THE INTERNATIONAL ASSOCIATION OF FORENSIC LINGUISTS (IAFL15),https://easychair.org/cfp/IAFL2021,"Aston University, Birmingham",False,13-Sep-2021,17-Sep-2021,Applied Linguistics; Computational Linguistics; Discourse Analysis; Forensic Linguistics; Text/Corpus Linguistics,,https://old.linguistlist.org/callconf/browse-conf-action.cfm?ConfID=424536
Formal Diachronic Semantics 6 (FoDS 6),http://www.lukasz-jedrzejowski.eu/formal-diachronic-semantics-6/,Cologne (Online),True,06-Sep-2021,07-Sep-2021,Historical Linguistics; Linguistic Theories; Pragmatics; Semantics,,https://old.linguistlist.org/callconf/browse-conf-action.cfm?ConfID=438136
Fourteenth International Conference of “Functional Pragmatics”,https://www.tu-chemnitz.de/phil/ifgk/germanistik/daf/FP_Tagung.php,Chemnitz (Online),True,23-Sep-2021,25-Sep-2021,Pragmatics ,,https://old.linguistlist.org/callconf/browse-conf-action.cfm?ConfID=447596
International Conference for Learner Corpus Research (LCR 2021),https://www.learnercorpusassociation.org/international-conference-for-learner-corpus-research-lcr-2021/,Padua,False,23-Sep-2021,25-Sep-2021,Applied Linguistics; Computational Linguistics; Language Acquisition ,,https://old.linguistlist.org/callconf/browse-conf-action.cfm?ConfID=412556
International Symposium of Morphology 2021 (ISMo 2021),http://nabil.hathout.free.fr/ISMo2021/,Toulouse (Online),True,23-Sep-2021,24-Sep-2021,Morphology,,https://old.linguistlist.org/callconf/browse-conf-action.cfm?ConfID=438776
Language and the Law in the Age of Migration (ILLA),https://illaconferences2021.ua.es,Alicante,False,06-Sep-2021,10-Sep-2021,Applied Linguistics ,,https://old.linguistlist.org/callconf/browse-conf-action.cfm?ConfID=431716
"Language in Place: Stylistic Perspectives on Landscape, Place and Environment",http://www.unica.it/unica/page/it/danielafvirdis_evt_language_in_place_stylistic_perspectives_on_landscape_place_and_environment,Online,True,16-Sep-2021,17-Sep-2021,Discipline of Linguistics; Ling &amp; Literature; Pragmatics ,,https://old.linguistlist.org/callconf/browse-conf-action.cfm?ConfID=450136
Language Teacher Psychology Conference (LTP),https://language-teacher-psychology-2021.uni-graz.at/en/,Graz,False,06-Sep-2021,08-Sep-2021,Applied Linguistics,,https://old.linguistlist.org/callconf/browse-conf-action.cfm?ConfID=424036
LATEUM 30TH JUBILEE LANGUAGE COMMUNICATION SOCIETY: CURRENT CHALLENGES AND BEYOND (LATEUM confernece),https://lateum.philol.msu.ru/,Moscow (online),True,22-Sep-2021,24-Sep-2021,Applied Linguistics; General Linguistics; Text/Corpus Linguistics; Translation,English,https://old.linguistlist.org/callconf/browse-conf-action.cfm?ConfID=447416
Linguistic illusions in sentence processing (LISP-2021),https://www.ling.uni-konstanz.de/illusions2021/,"Constance, Baden-Württemberg (Virtual)",True,13-Sep-2021,14-Sep-2021,Cognitive Science; General Linguistics; Neurolinguistics; Psycholinguistics,,https://old.linguistlist.org/callconf/browse-conf-action.cfm?ConfID=441936
Linguistics Association of Great Britain 2021 (LAGB 2021),http://www.lagb.org.uk/lagb2021,Online,True,06-Sep-2021,09-Sep-2021,General Linguistics,,https://old.linguistlist.org/callconf/browse-conf-action.cfm?ConfID=445776
"LIV Congresso Internazionale della Società di Linguistica Italiana - Workshop 7. Il contributo dei corpora nell’analisi della fraseologia L1 e L2: dati, metodi e prospettive",https://www.sli2020.unifi.it/vp-116-ws-7-il-contributo-dei-corpora-nell-analisi-della-fraseologia-l1-e-l2-dati-metodi-e-prospettive.html,Firenze,False,01-Sep-2021,30-Sep-2021,Applied Linguistics; Computational Linguistics; Language Acquisition; Text/Corpus Linguistics,Italian,https://old.linguistlist.org/callconf/browse-conf-action.cfm?ConfID=434436
Łódź-ZHAW Duo Colloquium Contextuality in Translation and Interpreting,https://www.zhaw.ch/iued/duo,Winterthur,False,02-Sep-2021,04-Sep-2021,Translation,,https://old.linguistlist.org/callconf/browse-conf-action.cfm?ConfID=437276
Medical Documents Profession Recognition shared task at IberLEF/SEPLN2021 (MEDDOPROF),https://temu.bsc.es/meddoprof/,Virtual,True,22-Sep-2021,22-Sep-2021,Computational Linguistics ,,https://old.linguistlist.org/callconf/browse-conf-action.cfm?ConfID=444836
MESINESP2 track at BioASQ Workshop 2021 (CLEF 2021) (MESINESP2),https://temu.bsc.es/mesinesp2/,Bucharest,False,21-Sep-2021,24-Sep-2021,Computational Linguistics,Spanish,https://old.linguistlist.org/callconf/browse-conf-action.cfm?ConfID=443416
MiMS 2021,http://site.uit.no/acqva/call-for-papers/,Tromsø,False,16-Sep-2021,17-Sep-2021,Applied Linguistics; General Linguistics; Language Acquisition; Linguistic Theories; Psycholinguistics,English; German; Norwegian BokmÃ¥l; Russian,https://old.linguistlist.org/callconf/browse-conf-action.cfm?ConfID=421356
Moscow HSE Pragmatics Workshop,https://sites.google.com/view/hsepragmaticsworkshop/home,Moscow,False,30-Sep-2021,01-Oct-2021,Linguistic Theories; Philosophy of Language; Pragmatics; Psycholinguistics; Semantics,,https://old.linguistlist.org/callconf/browse-conf-action.cfm?ConfID=442776
New Light from the East: Linguistic Perspectives on Non-Literary Papyri and Related Sources,https://www.newlightfromtheeast.ugent.be/,Athens,False,15-Sep-2021,17-Sep-2021,Historical Linguistics,"Greek, Ancient",https://old.linguistlist.org/callconf/browse-conf-action.cfm?ConfID=439156
"PAC 2021 – Spoken English varieties: redefining and representing realities, communities and norms (PAC 2021)",https://pac2021.sciencesconf.org,Toulouse,False,01-Sep-2021,03-Sep-2021,Phonology; Sociolinguistics,English,https://old.linguistlist.org/callconf/browse-conf-action.cfm?ConfID=436596
"Phraseology, constructions and translation: corpus-based, computational and cultural aspects (EUROPHRAS 2021)",https://uclouvain.be/en/research-institutes/ilc/plin/euphras-2021.html,Online,True,06-Sep-2021,09-Sep-2021,Applied Linguistics; Computational Linguistics; Text/Corpus Linguistics ,,https://old.linguistlist.org/callconf/browse-conf-action.cfm?ConfID=436836
Protolang Conference Series 7th International Conference,http://protolang.org/,Düsseldorf,False,06-Sep-2021,08-Sep-2021,Anthropological Linguistics; Cognitive Science; General Linguistics; Historical Linguistics,,https://old.linguistlist.org/callconf/browse-conf-action.cfm?ConfID=420896
Repetita iuvant? Un approccio multidisciplinare alla ripetizione. II Convegno internazionale per giovani ricercatori e ricercatrici (Repetita iuvant?),https://repetita2021.mozello.com/,Siena - Università per Stranieri di Siena,False,15-Sep-2021,17-Sep-2021,Applied Linguistics; General Linguistics; Historical Linguistics; Sociolinguistics; Text/Corpus Linguistics,,https://old.linguistlist.org/callconf/browse-conf-action.cfm?ConfID=439876
SALALS virtual conference 2021 (SALALS 2021),https://salals.org.za/conferences/salals-virtual-conference-2021/,Stellenbosch (Online),True,21-Sep-2021,23-Sep-2021,Applied Linguistics; General Linguistics,,https://old.linguistlist.org/callconf/browse-conf-action.cfm?ConfID=442936
SECOND LANGUAGE TEACHING/ACQUISITION IN THE CONTEXT OF MULTILINGUAL EDUCATION (SeLTAME),http://seltame.tsu.ge,Tbilisi State University,False,29-Sep-2021,30-Sep-2021,Language Acquisition; Pragmatics; Sociolinguistics; Text/Corpus Linguistics,,https://old.linguistlist.org/callconf/browse-conf-action.cfm?ConfID=448116
"Seminar on Medical Innovation, Experimentation and Knowledge Paradigm Shifts: Past and Present Discursive Perspectives and Popularizing Strategies",,University of Catania,False,16-Sep-2021,18-Sep-2021,Discourse Analysis; Historical Linguistics; Lexicography; Sociolinguistics; Text/Corpus Linguistics,,https://old.linguistlist.org/callconf/browse-conf-action.cfm?ConfID=431496
Seventh International Workshop for Computational Linguistics of Uralic Languages (IWCLUL 2021),https://conference.krags.ru/sites/default/files/First%20call%20for%20papers_0.html,Syktyvkar,False,23-Sep-2021,25-Sep-2021,Computational Linguistics,Komi-Permyak; Komi-Zyrian; Russian,https://old.linguistlist.org/callconf/browse-conf-action.cfm?ConfID=443696
Sinn und Bedeutung 26 (SuB26),https://idsl1.phil-fak.uni-koeln.de/abteilungen/sprachwissenschaft/sinn-und-bedeutung-26,Online / Cologne,True,08-Sep-2021,10-Sep-2021,Linguistic Theories; Philosophy of Language; Pragmatics; Semantics,,https://old.linguistlist.org/callconf/browse-conf-action.cfm?ConfID=440656
Sixth International Symposium on Place Names 2021 (ISPN 2021),http://www.ufs.ac.za/2021ispn,Bloemfontein,False,29-Sep-2021,01-Oct-2021,Applied Linguistics; General Linguistics; Lexicography; Sociolinguistics,,https://old.linguistlist.org/callconf/browse-conf-action.cfm?ConfID=434176
"Sprache in Zeiten omnipräsenter Kreativität: Kreativität, Sprachpraxis und Subjektivierung in der Spätmoderne – GAL-Sektionentagung 2021 – Sektion Soziolinguistik (GAL 2021 – Soziolinguistik)",https://gal-wue21.de/,Würzburg,False,15-Sep-2021,17-Sep-2021,Sociolinguistics,,https://old.linguistlist.org/callconf/browse-conf-action.cfm?ConfID=442556
Standortbestimmungen 29. Kongress für Fremdsprachendidaktik der Deutschen Gesellschaft für Fremdsprachenforschung (DGFF2021),https://kongress.dgff.de/,Essen,False,22-Sep-2021,24-Sep-2021,Applied Linguistics; Language Acquisition; Sociolinguistics,,https://old.linguistlist.org/callconf/browse-conf-action.cfm?ConfID=429176
Stylistic Approaches to Pop Culture,https://www.uni-vechta.de/anglistik/univ-prof-dr-christoph-schubert/international-conference,Vechta,False,02-Sep-2021,03-Sep-2021,Discourse Analysis; Ling &amp; Literature; Pragmatics; Sociolinguistics; Text/Corpus Linguistics ,English ,https://old.linguistlist.org/callconf/browse-conf-action.cfm?ConfID=449236
"Syntax, Phonology and Language Analysis 14 (SinFonIJA 14)",https://t.ly/Sinfonija14NoviSad,Novi Sad (Online),True,22-Sep-2021,24-Sep-2021,General Linguistics; Language Acquisition; Linguistic Theories; Psycholinguistics; Typology,,https://old.linguistlist.org/callconf/browse-conf-action.cfm?ConfID=443616
The Making of the Humanities IX (MOH IX),http://www.historyofhumanities.org/2019/12/13/call-for-papers-and-panels-the-making-of-the-humanities-ix/,Barcelona,False,20-Sep-2021,22-Sep-2021,History of Linguistics,,https://old.linguistlist.org/callconf/browse-conf-action.cfm?ConfID=443636
"Third Biennial Conference on Language, Data and Knowledge ((LDK2021))",http://2021.ldk-conf.org/,Zaragoza,False,01-Sep-2021,03-Sep-2021,Applied Linguistics; Computational Linguistics; General Linguistics; Lexicography; Text/Corpus Linguistics,,https://old.linguistlist.org/callconf/browse-conf-action.cfm?ConfID=430576
Third European Symposium in Celtic Studies (3rd SCE Symposium),https://sites.google.com/unipv.it/third-symposium-celtic-studies/home?authuser=0,Pavia,False,08-Sep-2021,10-Sep-2021,Historical Linguistics; Ling &amp; Literature,,https://old.linguistlist.org/callconf/browse-conf-action.cfm?ConfID=436196
Understanding Language and Literacy Development in the Digital Age (e-LADDA CON 21),https://www.ntnu.edu/e-ladda/e-ladda-con-2021,Virtual,True,28-Sep-2021,29-Sep-2021,Cognitive Science; Computational Linguistics; Language Acquisition; Neurolinguistics; Psycholinguistics,,https://old.linguistlist.org/callconf/browse-conf-action.cfm?ConfID=446476
Using Corpora in Contrastive and Translation Studies 2021 (UCCTS2021),https://events.unibo.it/uccts2021,"Bertinoro, Forlì",False,09-Sep-2021,11-Sep-2021,Text/Corpus Linguistics; Translation,,https://old.linguistlist.org/callconf/browse-conf-action.cfm?ConfID=435616
"VIRTUAL LASSO 50th ANNUAL MEETING, 2021 (LASSO 50)",https://sites.google.com/view/lasso2021conference/home,Virtual,True,23-Sep-2021,25-Sep-2021,Applied Linguistics; Discourse Analysis; General Linguistics; Language Documentation; Sociolinguistics,,https://old.linguistlist.org/callconf/browse-conf-action.cfm?ConfID=444516
Voces 2021. Latin Middle Ages through Key Words (Voces21),https://glossaria.eu/voces,"Campus Condorcet, Paris-Aubervilliers (hybrid or fully online)",True,29-Sep-2021,30-Sep-2021,Historical Linguistics; Lexicography,Latin,https://old.linguistlist.org/callconf/browse-conf-action.cfm?ConfID=442216
XXXI Congreso de la Asociación para la Enseñanza del Español como Lengua Extranjera (XXXI ASELE),https://asele2020.unileon.es/,Universidad de León,False,01-Sep-2021,03-Sep-2021,Applied Linguistics; Language Acquisition,Spanish,https://old.linguistlist.org/callconf/browse-conf-action.cfm?ConfID=443396
XXXVII International Conference of the Spanish Society for Natural Language Processing (SEPLN),http://www.hitz.eus/sepln2021/,Malaga (online),True,22-Sep-2021,24-Sep-2021,Applied Linguistics; Computational Linguistics; Text/Corpus Linguistics,,https://old.linguistlist.org/callconf/browse-conf-action.cfm?ConfID=439316
11th conference “Typology of Morphosyntactic Parameters” (TMP 2021),http://tipl.philol.msu.ru/index.php/science/conferences/TMP2021/home-eng,Moscow,False,13-Oct-2021,15-Oct-2021,Linguistic Theories; Morphology; Semantics; Syntax; Typology,,https://old.linguistlist.org/callconf/browse-conf-action.cfm?ConfID=445916
12th Annual Workshop on Immigrant Languages in the Americas (WILA),http://www.workshoponimmigrantlanguages.org/,Helsinki (Hybrid),True,07-Oct-2021,09-Oct-2021,General Linguistics,,https://old.linguistlist.org/callconf/browse-conf-action.cfm?ConfID=439576
13th International Conference of the Forum for Research on the Languages of Scotland and Ulster (FRLSU) (FRLSU 2021),https://www.frlsu2021.anglistik.lmu.de/,Munich (online),True,28-Oct-2021,30-Oct-2021,General Linguistics,,https://old.linguistlist.org/callconf/browse-conf-action.cfm?ConfID=440636
1er Colloque International de la Fédération Lamie : Les migrants de l'espace hispanique et leur héritage linguistique en Europe francophone (LAMIE),https://lamie.sciencesconf.org/,Paris,False,07-Oct-2021,08-Oct-2021,Language Acquisition; Sociolinguistics; Text/Corpus Linguistics,Catalan-Valencian-Balear; French; Galician; Spanish,https://old.linguistlist.org/callconf/browse-conf-action.cfm?ConfID=448156
2021 English Language Testing Society Virtual Conference,https://eltsociety.org/2021-virtual-conference/,Online,True,15-Oct-2021,16-Oct-2021,Applied Linguistics,,https://old.linguistlist.org/callconf/browse-conf-action.cfm?ConfID=440276
21st International Conference of the Japan Second Language Association (J-SLA2021),https://en.j-sla.org/events/20200625-01,Online,True,23-Oct-2021,24-Oct-2021,Language Acquisition,,https://old.linguistlist.org/callconf/browse-conf-action.cfm?ConfID=447756
25th FOCUS Graduate Student Conference: Speaking Identity – Identity in Second Language Studies,https://journals.uc.edu/index.php/fogs/index,University of Cincinnati; Ohio (Hybrid),True,15-Oct-2021,16-Oct-2021,Sociolinguistics,,https://old.linguistlist.org/callconf/browse-conf-action.cfm?ConfID=442736
29th Japanese/Korean Linguistics Conference (JK29),https://sites.google.com/view/jkconf29/,"Nagoya University, Aichi (Virtual)",True,09-Oct-2021,11-Oct-2021,General Linguistics,Japanese; Korean,https://old.linguistlist.org/callconf/browse-conf-action.cfm?ConfID=440416
2nd International Conference “Language. Text. Society.” (LTS 2021-Con),https://ltsj.online/conference/,Samara,False,21-Oct-2021,22-Oct-2021,Discourse Analysis; General Linguistics; Pragmatics; Sociolinguistics; Text/Corpus Linguistics,,https://old.linguistlist.org/callconf/browse-conf-action.cfm?ConfID=436276
"2nd International Conference University Telecollaboration in Language Classes: Teaching Practices, Linguistic Challenges and Cultural Horizons (UTLCTPLCCH)",,Paris (Virtual),True,15-Oct-2021,16-Oct-2021,Language Acquisition; Ling &amp; Literature; Text/Corpus Linguistics; Translation,,https://old.linguistlist.org/callconf/browse-conf-action.cfm?ConfID=440456
3rd International Conference on Language Education and Research (LERC2021),https://www.lerconference.org/,Athens - Online,True,01-Oct-2021,03-Oct-2021,Applied Linguistics,English,https://old.linguistlist.org/callconf/browse-conf-action.cfm?ConfID=439856
52nd Annual Meeting of the North East Linguistic Society (NELS52),https://sites.rutgers.edu/nels-52/,"New Brunswick, NJ (Online)",True,29-Oct-2021,31-Oct-2021,General Linguistics,,https://old.linguistlist.org/callconf/browse-conf-action.cfm?ConfID=444856
54th International Conference on Sino-Tibetan Languages and Linguistics (ICSTLL54),https://www.icstll54.com/,Chengdu,False,29-Oct-2021,31-Oct-2021,Language Documentation,,https://old.linguistlist.org/callconf/browse-conf-action.cfm?ConfID=438576
59th Academy of Aphasia (AoA2021),http://www2.academyofaphasia.org/,Online,True,24-Oct-2021,26-Oct-2021,Clinical Linguistics; Cognitive Science; Language Acquisition; Neurolinguistics; Psycholinguistics,,https://old.linguistlist.org/callconf/browse-conf-action.cfm?ConfID=442496
6th Saarbrücken International Conference on Foreign Language Teaching 2021 (6. SCFLT),https://sites.google.com/view/6scflt-6sft-2021/home,Online,True,27-Oct-2021,29-Oct-2021,Applied Linguistics ,,https://old.linguistlist.org/callconf/browse-conf-action.cfm?ConfID=440936
8th Annual AZCALL - Virtual Conference (AZCALL),https://sites.google.com/view/azcallconference/home,"Tempe, AZ (Online)",True,11-Oct-2021,16-Oct-2021,Applied Linguistics,,https://old.linguistlist.org/callconf/browse-conf-action.cfm?ConfID=446896
8th edition of the Conference on Computer-Mediated Communication (CMC) and Social Media Corpora (CMC-corpora2021),http://applejack.science.ru.nl/cmc2021/,Nijmegen (hybrid format),True,28-Oct-2021,29-Oct-2021,Text/Corpus Linguistics,,https://old.linguistlist.org/callconf/browse-conf-action.cfm?ConfID=438916
Annual Meeting on Phonology 2021 (AMP 2021),https://www.amp2021toronto.com,Virtual (hosted by University of Toronto and York University),True,01-Oct-2021,03-Oct-2021,Phonology,,https://old.linguistlist.org/callconf/browse-conf-action.cfm?ConfID=443256
"ARDAA Workshop, Drawing, doodling, sketching to learn and teach English",https://ardaa.hypotheses.org/959,"Nanterre University, Paris",False,15-Oct-2021,15-Oct-2021,Applied Linguistics,English,https://old.linguistlist.org/callconf/browse-conf-action.cfm?ConfID=443996
Arizona Linguistics Circle 15 (ALC15),https://sites.google.com/view/alc15,"University of Arizona (Tucson, AZ) (Hybrid)",True,15-Oct-2021,17-Oct-2021,General Linguistics,,https://old.linguistlist.org/callconf/browse-conf-action.cfm?ConfID=446556
Bilingualism Matters Research Symposium 2021 (BMRS21),https://www.bilingualism-matters.org/events/bilingualism-matters-research-symposium-2021,Online,True,25-Oct-2021,26-Oct-2021,General Linguistics,,https://old.linguistlist.org/callconf/browse-conf-action.cfm?ConfID=444216
"Cases in Uralic, Altaic and Paleo-Asiatic languages",,St. Petersburg,False,21-Oct-2021,23-Oct-2021,Language Documentation; Morphology; Syntax,,https://old.linguistlist.org/callconf/browse-conf-action.cfm?ConfID=443076
Collaboration between families and external stakeholders in Early Childhood Education,https://muse.edu.umontpellier.fr/en/2021/05/06/joint-initiatives-for-early-childhood-2021-international-conference/,Montpellier,False,21-Oct-2021,23-Oct-2021,Applied Linguistics; Language Acquisition,,https://old.linguistlist.org/callconf/browse-conf-action.cfm?ConfID=446076
"Computational Linguistics, Information, Reasoning, and AI 2021 (CompLingInfoReasAI'21)",https://www.dcai-conference.net/special-sessions/clirai,Salamanca (Hybrid),True,06-Oct-2021,08-Oct-2021,Computational Linguistics,,https://old.linguistlist.org/callconf/browse-conf-action.cfm?ConfID=443296
DiscourseNet 4th Congress (DNC4),https://discourseanalysis.net/DN/DNC4,Budapest (on-site) or virtual participation,True,20-Oct-2021,22-Oct-2021,Applied Linguistics; Discourse Analysis; Pragmatics; Sociolinguistics; Text/Corpus Linguistics,,https://old.linguistlist.org/callconf/browse-conf-action.cfm?ConfID=437796
Dis-orders of meaning: Public service reform and (counter-) discourse/Sens dessus dessous : Réformes du service public et (contre-)discours (GREG PLS 6),https://crea.parisnanterre.fr/groupe-de-recherche-sur-les-grammaires-greg--654115.kjsp,Université Paris Nanterre,False,01-Oct-2021,02-Oct-2021,Discourse Analysis; Pragmatics; Semantics; Sociolinguistics; Text/Corpus Linguistics,,https://old.linguistlist.org/callconf/browse-conf-action.cfm?ConfID=431696
Emerging Topics in Typology (International Workshop Series) (ETT2021),https://easychair.org/conferences/?conf=ett2021,Helsinki (virtual),True,25-Oct-2021,25-Nov-2021,Typology,,https://old.linguistlist.org/callconf/browse-conf-action.cfm?ConfID=445076
End-of-Year Symposium: Leipzig Lectures on Language—Combinatorics 2021 (LeipzigLang21),https://www.cbs.mpg.de/1744420/lll-workshop,virtual (online),True,20-Oct-2021,21-Oct-2021,Cognitive Science; Computational Linguistics; Linguistic Theories; Neurolinguistics; Psycholinguistics,,https://old.linguistlist.org/callconf/browse-conf-action.cfm?ConfID=446376
Enonciation et Argumentation,https://colenarg.paginas.ufsc.br,Distanciel,False,07-Oct-2021,09-Oct-2021,Discourse Analysis; Language Acquisition; Ling &amp; Literature; Semantics; Translation,,https://old.linguistlist.org/callconf/browse-conf-action.cfm?ConfID=443216
"Fourth International Conference on English Language, Literature, Teaching and Translation Studies (CELLTTS)",http://celltts.ff.unsa.ba,Online,True,01-Oct-2021,02-Oct-2021,Applied Linguistics; Discourse Analysis; Language Acquisition; Ling &amp; Literature; Translation,English,https://old.linguistlist.org/callconf/browse-conf-action.cfm?ConfID=440096
Graduate Student Conference in Learner Corpus Research 2021 (LCRGradConf21),https://eng.inn.no/lcrgradconf,Online,True,11-Oct-2021,12-Oct-2021,Text/Corpus Linguistics,,https://old.linguistlist.org/callconf/browse-conf-action.cfm?ConfID=442576
Hispanic Linguistics Symposium (HLS),http://hls2021.wfu.edu/,"Winston Salem, NC",False,07-Oct-2021,09-Oct-2021,Applied Linguistics; General Linguistics; Language Acquisition; Linguistic Theories; Text/Corpus Linguistics,Portuguese; Spanish,https://old.linguistlist.org/callconf/browse-conf-action.cfm?ConfID=436476
Historical language contact and emergent / emerging varieties in the Indian Ocean (HLCIO),http://www.fb10.uni-bremen.de/romanistik/default.aspx,Bremen,False,01-Oct-2021,03-Oct-2021,Anthropological Linguistics; Historical Linguistics; Language Documentation; Sociolinguistics,,https://old.linguistlist.org/callconf/browse-conf-action.cfm?ConfID=431936
"ICODOC 2021 : Knowledge and language Acquisition, transmission, manifestation",https://icodoc.sciencesconf.org/?forward-action=index&amp;forward-controller=index&amp;lang=en,Lyon,False,06-Oct-2021,08-Oct-2021,General Linguistics; Language Acquisition; Text/Corpus Linguistics,French,https://old.linguistlist.org/callconf/browse-conf-action.cfm?ConfID=434136
II International Workshop on Advanced Studies of Humor and Gender (WASHUM),https://griale.dfelg.ua.es/washum/about/,Universidad de Alicante,False,14-Oct-2021,15-Oct-2021,Pragmatics ,,https://old.linguistlist.org/callconf/browse-conf-action.cfm?ConfID=449676
I International Postgraduate Seminar in English Literature and Linguistics (IPSELL) (IPSELL),,"Facultad de Filosofía y Letras, University of Granada, Spain",False,01-Oct-2021,01-Oct-2021,General Linguistics,,https://old.linguistlist.org/callconf/browse-conf-action.cfm?ConfID=447676
Instrumentation and new explorations in applied linguistics (ONELA),https://onela2021.sciencesconf.org/,Toulouse,False,19-Oct-2021,21-Oct-2021,Applied Linguistics,,https://old.linguistlist.org/callconf/browse-conf-action.cfm?ConfID=438816
International Conference on Conversation Analysis and Psychotherapy (ICCAP),https://www.iccap.ugent.be,Ghent University,False,07-Oct-2021,09-Oct-2021,Discourse Analysis,,https://old.linguistlist.org/callconf/browse-conf-action.cfm?ConfID=433816
International Workshop on Negation,https://vasfunproject.wixsite.com/vasfun,Vitoria-Gasteiz,False,07-Oct-2021,07-Oct-2021,Historical Linguistics; Morphology; Semantics; Syntax; Typology,,https://old.linguistlist.org/callconf/browse-conf-action.cfm?ConfID=438856
International Workshop on Secondary Predication 2021,https://sites.google.com/view/iwsp2021/call-for-papers,Tokyo (or online),True,30-Oct-2021,31-Oct-2021,Morphology; Semantics; Syntax,,https://old.linguistlist.org/callconf/browse-conf-action.cfm?ConfID=443016
Languaging Diversity (LD2021),https://ld2021.sciencesconf.org/,University of Lille (Online Symposium),True,13-Oct-2021,15-Oct-2021,General Linguistics,,https://old.linguistlist.org/callconf/browse-conf-action.cfm?ConfID=438156
Linguistics Beyond and Within 2021 – International Linguistics Conference in Lublin (LingBaW 2021),https://lingbaw.webclass.co/,John Paul II Catholic University of Lublin (Online),True,14-Oct-2021,15-Oct-2021,General Linguistics,,https://old.linguistlist.org/callconf/browse-conf-action.cfm?ConfID=441116
Linguistics Conference at UGA 7 (LCUGA7),https://ling.franklin.uga.edu/lcuga-7,"Athens, GA (Online)",True,09-Oct-2021,10-Oct-2021,General Linguistics,,https://old.linguistlist.org/callconf/browse-conf-action.cfm?ConfID=443676
Linguists' Day of the Linguistic Society of Belgium (LSB) 2021,http://www.bkl-cbl.be/,Brussels,False,22-Oct-2021,22-Oct-2021,Applied Linguistics; General Linguistics; Historical Linguistics; Psycholinguistics; Sociolinguistics,,https://old.linguistlist.org/callconf/browse-conf-action.cfm?ConfID=446016
Middle East Studies Association - AATA Panel - Teaching Arabic Literature in Translation:: Approaches and Objectives (MESA),https://mesana.org/,"Montreal, Quebec, Canada",False,28-Oct-2021,31-Oct-2021,Applied Linguistics; Ling &amp; Literature; Translation,,https://old.linguistlist.org/callconf/browse-conf-action.cfm?ConfID=438256
New Ways of Analyzing Variation 49 (NWAV 49),https://www.nwav49.org/,Hosted virtually by the University of Texas at Austin,True,19-Oct-2021,24-Oct-2021,Computational Linguistics; General Linguistics; Sociolinguistics,,https://old.linguistlist.org/callconf/browse-conf-action.cfm?ConfID=445976
North American Research Network in Historical Sociolinguistics - special sessions at NWAV 49 (NARNiHS @ NWAV 49),https://www.nwav49.org/,ONLINE (via University of Texas at Austin),True,19-Oct-2021,24-Oct-2021,Historical Linguistics; Sociolinguistics; Text/Corpus Linguistics,,https://old.linguistlist.org/callconf/browse-conf-action.cfm?ConfID=442196
"Proto-Indo-European Reconstruction: Problems, possibilities and new perspectives (PIER Cambridge 2021)",http://www.pier-cam-2021.org,Cambridge,False,01-Oct-2021,02-Oct-2021,Historical Linguistics,,https://old.linguistlist.org/callconf/browse-conf-action.cfm?ConfID=438296
"R in Romance: System, Variation and Change",,Augsburg,False,04-Oct-2021,07-Oct-2021,Phonology,,https://old.linguistlist.org/callconf/browse-conf-action.cfm?ConfID=435136
Rootedness and Acculturation. Experiences from German Immigrant Communities in the USA (1883-1918),https://us-germans-bdx.sciencesconf.org,Bordeaux,False,14-Oct-2021,16-Oct-2021,Historical Linguistics; Language Documentation; Sociolinguistics,"German; German, Pennsylvania",https://old.linguistlist.org/callconf/browse-conf-action.cfm?ConfID=423316
Sensus - Formal Semantics and Pragmatics in Romance (Sensus 2),https://blogs.umass.edu/sensus/,UMass Amherst (Hybrid),True,01-Oct-2021,02-Oct-2021,Pragmatics; Semantics,,https://old.linguistlist.org/callconf/browse-conf-action.cfm?ConfID=444356
Symposium on Language Pedagogy in Higher Education (SOLPHE),http://go.illinois.edu/solphe2021,"Chicago, IL (Online)",True,01-Oct-2021,02-Oct-2021,Applied Linguistics; Language Acquisition,,https://old.linguistlist.org/callconf/browse-conf-action.cfm?ConfID=444636
The 2nd Interdisciplinary Conference on National languages in academic research and higher education (NatAcLang2020),https://nataclang2020.com/,Tallinn,False,07-Oct-2021,08-Oct-2021,Anthropological Linguistics; Applied Linguistics; Sociolinguistics,,https://old.linguistlist.org/callconf/browse-conf-action.cfm?ConfID=424136
"V Congrés Internacional de l’Associació de Joves Investigadors en Llengua i Literatura Catalanes: Llengua, cultura, societat, frontera (V CIAJILLC)",https://ajillc.wordpress.com/2021/03/09/v-congres-internacional-de-lassociacio-de-joves-investigadors-en-llengua-i-literatura-catalanes/,University of Perpignan,False,21-Oct-2021,23-Oct-2021,General Linguistics,Catalan-Valencian-Balear,https://old.linguistlist.org/callconf/browse-conf-action.cfm?ConfID=441416
Virtual Workshop on L3 Development After the Initial State (L3-AIS 2021),https://sites.bu.edu/l3developmentworkshop/,Online,True,01-Oct-2021,02-Oct-2021,Cognitive Science; Language Acquisition; Psycholinguistics,,https://old.linguistlist.org/callconf/browse-conf-action.cfm?ConfID=436636
XV Tagung der Deutschlehrerinnen und Deutschlehrer (Uninorte 2021),,Barranquilla (Online),True,22-Oct-2021,23-Oct-2021,Applied Linguistics,German,https://old.linguistlist.org/callconf/browse-conf-action.cfm?ConfID=442396
"XXXVII. Deutscher Romanistentag, University of Augsburg (Germany), 04-07 October 2021",https://www.uni-augsburg.de/de/fakultaet/philhist/forschung/tagungen-konferenzen/37-romanistentag-2020/,University of Augsburg,False,04-Oct-2021,07-Oct-2021,Language Acquisition ,German ,https://old.linguistlist.org/callconf/browse-conf-action.cfm?ConfID=435256
15th Annual Conference on Asian Studies: Continuity and Change (ACAS),http://www.acas.upol.cz,Online,True,26-Nov-2021,27-Nov-2021,Sociolinguistics,English,https://old.linguistlist.org/callconf/browse-conf-action.cfm?ConfID=443576
15th Biennial Association for Academic Language and Learning Conference 2021 – Online (AALL Conference 2021),https://aallconference2021.cdu.edu.au/,Online,True,17-Nov-2021,19-Nov-2021,Applied Linguistics; General Linguistics,,https://old.linguistlist.org/callconf/browse-conf-action.cfm?ConfID=443336
20th INGED INTERNATIONAL ELT ONLINE CONFERENCE,https://inged.org.tr/,Bolu (Online),True,05-Nov-2021,06-Nov-2021,Applied Linguistics; Language Acquisition; Ling &amp; Literature,English,https://old.linguistlist.org/callconf/browse-conf-action.cfm?ConfID=440476
21st Hungarian Sociolinguistics Conference (HuSl21),https://hodinkaintezet.uz.ua/21-st-hungarian-sociolinguistics-conference/,Berehove (Zoom),True,04-Nov-2021,05-Nov-2021,Sociolinguistics,Hungarian,https://old.linguistlist.org/callconf/browse-conf-action.cfm?ConfID=446396
27th LIPP Symposium “Language and Migration”,https://www.symp.gwi.uni-muenchen.de/,Munich (if necessary online),True,15-Nov-2021,17-Nov-2021,General Linguistics,,https://old.linguistlist.org/callconf/browse-conf-action.cfm?ConfID=443816
2nd International Symposium on Applied Linguistics Research (ALR2021),http://info.psu.edu.sa/prmcbeta/Virtual-Events-Platform/ALR2021/,Riyadh,False,06-Nov-2021,07-Nov-2021,Applied Linguistics,,https://old.linguistlist.org/callconf/browse-conf-action.cfm?ConfID=438056
3rd International Conference on Theoretical East Asian Psycholinguistics (ICTEAP-3),https://sites.google.com/view/icteap-3/home,"National Tsing Hua University, Hsin-chu (Online)",True,20-Nov-2021,21-Nov-2021,Psycholinguistics,,https://old.linguistlist.org/callconf/browse-conf-action.cfm?ConfID=438416
42nd Annual Conference of Linguistic Society of Nepal (42ndLSN),http://www.lsn.org.np,Kathmandu,False,26-Nov-2021,27-Nov-2021,General Linguistics,,https://old.linguistlist.org/callconf/browse-conf-action.cfm?ConfID=442896
46th Annual Boston University Conference on Language Development (BUCLD 46),https://www.bu.edu/bucld/,Online (Virtual) Conference,True,04-Nov-2021,07-Nov-2021,Applied Linguistics; Language Acquisition,,https://old.linguistlist.org/callconf/browse-conf-action.cfm?ConfID=440076
7th Bucharest Colloquium of Language Acquisition (BUCLA 7),,University of Bucharest (Online),True,19-Nov-2021,20-Nov-2021,Language Acquisition,,https://old.linguistlist.org/callconf/browse-conf-action.cfm?ConfID=441216
7th International Conference of the Linguistic Association of Pakistan 2021 (ICLAP 2021),http://www.iclap.org/ICLAP2021/,Sargodha,False,10-Nov-2021,12-Nov-2021,Applied Linguistics; Computational Linguistics; Discourse Analysis; General Linguistics; Historical Linguistics,,https://old.linguistlist.org/callconf/browse-conf-action.cfm?ConfID=447816
7th International Conference on Grammar & Text (GRATO 2021),https://clunl.fcsh.unl.pt/en/groups_clunl/gramatica-texto/grato/grato-2021/,Online,True,18-Nov-2021,20-Nov-2021,Linguistic Theories; Pragmatics; Semantics; Sociolinguistics; Writing Systems,,https://old.linguistlist.org/callconf/browse-conf-action.cfm?ConfID=440376
8th-9th International Conference on Statistical Language and Speech Processing (SLSP 2020 & 2021),https://irdta.eu/slsp2020-2021/,Cardiff,False,22-Nov-2021,26-Nov-2021,Computational Linguistics,,https://old.linguistlist.org/callconf/browse-conf-action.cfm?ConfID=445396
Argumentation & Language 2021 (ARGAGE2021),https://www.unine.ch/argage/home.html,University of Neuchâtel,False,10-Nov-2021,12-Nov-2021,Applied Linguistics; Computational Linguistics; Discourse Analysis; Pragmatics; Semantics,,https://old.linguistlist.org/callconf/browse-conf-action.cfm?ConfID=437716
Challenging Borders: From Borders/Between Borders,https://www.challengingborders.net,Berne,False,11-Nov-2021,13-Nov-2021,Sociolinguistics ,,https://old.linguistlist.org/callconf/browse-conf-action.cfm?ConfID=447076
Colloque VocUM (VocUM),https://vocum.ca,Montréal,False,18-Nov-2021,20-Nov-2021,Discipline of Linguistics; Discourse Analysis; Ling &amp; Literature,,https://old.linguistlist.org/callconf/browse-conf-action.cfm?ConfID=445816
Complex Sentences in South American Languages,,Villejuif (Online),True,17-Nov-2021,19-Nov-2021,Syntax; Typology,,https://old.linguistlist.org/callconf/browse-conf-action.cfm?ConfID=445436
III Jornadas Antroponomásticas. Encuentro de Onomástica en Querétaro,,"Museo Regional de Querétaro, Ciudad de Querétaro, México",False,09-Nov-2021,11-Nov-2021,Anthropological Linguistics; Discipline of Linguistics; Linguistic Theories; Sociolinguistics; Text/Corpus Linguistics,Portuguese; Spanish,https://old.linguistlist.org/callconf/browse-conf-action.cfm?ConfID=448336
International Conference on Hindi Grammar and Lexicon & International Workshop - Hindi Grammars and Lexica – Historical Perspectives (ICHGL-2021),https://hindigramlex.sciencesconf.org/,"INALCO, 65 rue des Grands Moulins, Paris, France",False,03-Nov-2021,05-Nov-2021,General Linguistics,Hindi,https://old.linguistlist.org/callconf/browse-conf-action.cfm?ConfID=442176
IRAAL 2020/1 Annual Conference,,Dublin & Online,True,26-Nov-2021,27-Nov-2021,Applied Linguistics; General Linguistics,,https://old.linguistlist.org/callconf/browse-conf-action.cfm?ConfID=446676
Le pronom français ON : étude contrastive à travers les langues et les genres,https://forellis.labo.univ-poitiers.fr/,Poitiers,False,18-Nov-2021,19-Nov-2021,Semantics; Syntax; Text/Corpus Linguistics; Translation; Typology,,https://old.linguistlist.org/callconf/browse-conf-action.cfm?ConfID=448276
"Multilingualism in professional life. Manifestations, management",https://www.multilinguismoverona.eu/colloque-international-25-26-novembre-2021/,Verona,False,25-Nov-2021,26-Nov-2021,Applied Linguistics; Pragmatics; Sociolinguistics,,https://old.linguistlist.org/callconf/browse-conf-action.cfm?ConfID=444456
Negotiating the Aesthetic: Norms and Practices in the Pre-modern Period,https://uni-tuebingen.de/forschung/forschungsschwerpunkte/sonderforschungsbereiche/sfb-andere-aesthetik/veranstaltungen/tagungen/,Tübingen,False,11-Nov-2021,13-Nov-2021,General Linguistics; Historical Linguistics; History of Linguistics,,https://old.linguistlist.org/callconf/browse-conf-action.cfm?ConfID=439276
New Approaches to Bi-/Multilingualism and Language Learning/Teaching (BiMuLT),https://bimult.wordpress.com/,Nicosia,False,20-Nov-2021,21-Nov-2021,Applied Linguistics; Language Acquisition; Psycholinguistics,,https://old.linguistlist.org/callconf/browse-conf-action.cfm?ConfID=445736
PerceptiO : la perception et le vivant/perception and the living (PerceptiO 2021),,Strasbourg,False,17-Nov-2021,20-Nov-2021,General Linguistics,,https://old.linguistlist.org/callconf/browse-conf-action.cfm?ConfID=443536
Petra-E Conference “Literary Translation Studies”,https://drive.google.com/file/d/17gj7lF8GKNFXV4l4K4giqevKagOQkHxC/view,Trinity College Dublin,False,04-Nov-2021,06-Nov-2021,Translation,,https://old.linguistlist.org/callconf/browse-conf-action.cfm?ConfID=434676
'R-atics ('R-atics),https://wp.unil.ch/r-atics7/,Lausanne,False,18-Nov-2021,19-Nov-2021,Applied Linguistics; Phonetics; Phonology; Sociolinguistics,,https://old.linguistlist.org/callconf/browse-conf-action.cfm?ConfID=441836
(Re)Contextualising the Discursive Construction of Europe,https://discourseanalysis.net/en/recontextualising-discursive-construction-europe,Nicosia,False,25-Nov-2021,26-Nov-2021,Discourse Analysis,,https://old.linguistlist.org/callconf/browse-conf-action.cfm?ConfID=441696
Saarbrücker runder Tisch für Dialektsyntax / Saarbrücken Roundtable of Dialect Syntax (SaRDiS),http://www.sardis.uni-saarland.de,Saarbruecken,False,05-Nov-2021,06-Nov-2021,Historical Linguistics; Morphology; Syntax,German,https://old.linguistlist.org/callconf/browse-conf-action.cfm?ConfID=440256
Second International Symposium on Family Language Policy (SOFLP),https://plf-oralite.sciencesconf.org/,Paris,False,25-Nov-2021,26-Nov-2021,Sociolinguistics ,,https://old.linguistlist.org/callconf/browse-conf-action.cfm?ConfID=437896
Socially responsible linguistics – Applied Linguistics Conference 2021 (RESLING2021),http://resling.elte.hu/,Online,True,18-Nov-2021,19-Nov-2021,Applied Linguistics; Clinical Linguistics; Forensic Linguistics; Language Acquisition; Translation,,https://old.linguistlist.org/callconf/browse-conf-action.cfm?ConfID=442136
Third International Colloquium on Plurilingualism (3rd ICP),https://www.uniud.it/it/ateneo-uniud/ateneo-uniud-organizzazione/altre-strutture/centro-internazionale-plurilinguismo/convegni-call-for-papers,Udine,False,10-Nov-2021,12-Nov-2021,Sociolinguistics,,https://old.linguistlist.org/callconf/browse-conf-action.cfm?ConfID=424356
V Jornadas de Lingüística LINGUAQ (LINGUAQ 2021),http://jornadaslinguaq.weebly.com/,"Querétaro, Querétaro (Online)",True,11-Nov-2021,13-Nov-2021,General Linguistics,,https://old.linguistlist.org/callconf/browse-conf-action.cfm?ConfID=443136
Workshop on Linguistic Variation at the Interfaces II (VARINT21),https://sites.google.com/view/varint21/home,"Universitat Autònoma de Barcelona, Barcelona",False,18-Nov-2021,19-Nov-2021,Cognitive Science; Morphology; Semantics; Syntax,,https://old.linguistlist.org/callconf/browse-conf-action.cfm?ConfID=439116
1st International Conference on Tone and Intonation (TAI),https://my.eventbuizz.com/event/1st-international-conference-on-tone-and-intonation--tai--2021/detail,Sonderborg (Hybrid Event),True,06-Dec-2021,09-Dec-2021,Applied Linguistics; Computational Linguistics; Phonetics; Phonology; Sociolinguistics,,https://old.linguistlist.org/callconf/browse-conf-action.cfm?ConfID=438876
"A True and Fair View: Communicative, Linguistic and Ethical Aspects of Expressing Point of View in Journalism (Fairview)",https://www.vub.be/en/events/2021/a-true-and-fair-view-communicative-linguistic-and-ethical-aspects-of-expressing-point-of,Africa Museum (https://www.africamuseum.be/en) Tervuren (near Brussels),False,16-Dec-2021,17-Dec-2021,Applied Linguistics; Discourse Analysis; Philosophy of Language; Pragmatics; Text/Corpus Linguistics,,https://old.linguistlist.org/callconf/browse-conf-action.cfm?ConfID=416736
Colloque de Syntaxe et Sémantique à Paris (CSSP-2021),http://www.cssp.cnrs.fr/cssp2021/,Paris (Hybrid Event),True,09-Dec-2021,11-Dec-2021,Pragmatics; Semantics; Syntax,,https://old.linguistlist.org/callconf/browse-conf-action.cfm?ConfID=439716
Descriptive Grammars and Typology II: The challenges of writing grammars of underdescribed and endangered languages (Grammar2021),https://grammar2021.sciencesconf.org/?forward-action=index&amp;forward-controller=index&amp;lang=en,Paris,False,01-Dec-2021,03-Dec-2021,Language Documentation; Typology,,https://old.linguistlist.org/callconf/browse-conf-action.cfm?ConfID=438656
Digital Transformation of Arabic Language Learning and Teaching: Post Pandemic Implications (ARABLING),https://alifs.aucegypt.edu/arabling/,Cairo,False,18-Dec-2021,19-Dec-2021,Applied Linguistics; General Linguistics; Language Acquisition; Ling &amp; Literature,"Arabic, Standard",https://old.linguistlist.org/callconf/browse-conf-action.cfm?ConfID=446776
Discourse-Pragmatic Variation and Change 5 (DiPVaC5),https://www.dipvac.org/dipvac-5.html,Melbourne and Online,True,14-Dec-2021,16-Dec-2021,Pragmatics ,,https://old.linguistlist.org/callconf/browse-conf-action.cfm?ConfID=450756
"Dissecting Morphological Theory 2: Diminutivization in root-, stem- and word-based morphology (DMTD2)",https://sites.google.com/view/morphologytheories-diminutives,Vienna,False,11-Dec-2021,12-Dec-2021,Computational Linguistics; Linguistic Theories; Morphology; Psycholinguistics,,https://old.linguistlist.org/callconf/browse-conf-action.cfm?ConfID=448436
"Foundation for Endangered Languages, 25th Annual Conference: Endangered Languages and Diaspora (FEL XXV (2021))",https://europe.illinois.edu/news-events/2020-21-initiatives/conference-foundation-endangered-languages,Tirana,False,16-Dec-2021,19-Dec-2021,Anthropological Linguistics; General Linguistics; Language Documentation; Sociolinguistics,,https://old.linguistlist.org/callconf/browse-conf-action.cfm?ConfID=443736
Going Romance 2021 (GR 2021),https://www.uva.nl/goingromance2021,Amsterdam (Online),True,01-Dec-2021,03-Dec-2021,General Linguistics; Historical Linguistics; Language Acquisition; Linguistic Theories,,https://old.linguistlist.org/callconf/browse-conf-action.cfm?ConfID=447016
III International Conference Aprolínguas 2021 (Aprolínguas2021),https://fchs.ualg.pt/aberta-chamada-de-trabalhos-para-o-iii-coloquio-internacional-aprolinguas-2021,"University of Algarve, Faro (online)",True,02-Dec-2021,03-Dec-2021,Applied Linguistics,,https://old.linguistlist.org/callconf/browse-conf-action.cfm?ConfID=444276
"ILLA FOCUS CONFERENCE 2021: The Digitalisation of Legal Discourse: Digital Genres, Media and Analytical Tools",https://sites.google.com/unibg.it/illa-bg,Bergamo and Online (BLENDED EVENT),True,16-Dec-2021,17-Dec-2021,Forensic Linguistics,,https://old.linguistlist.org/callconf/browse-conf-action.cfm?ConfID=446316
InterGedi2021 - Digital Communication: Identity and Visibility in Research Dissemination (InterGedi2021),http://intergedi.unizar.es/intergedi-conference/,Zaragoza (Online),True,10-Dec-2021,11-Dec-2021,Applied Linguistics; Discourse Analysis; Pragmatics,,https://old.linguistlist.org/callconf/browse-conf-action.cfm?ConfID=441516
International Conference on Diversity and Inclusivity in English Language Education,http://www.diele.org/,Ho Chi Minh City,False,10-Dec-2021,11-Dec-2021,Applied Linguistics; Sociolinguistics,,https://old.linguistlist.org/callconf/browse-conf-action.cfm?ConfID=416196
Resistance/Language,,Mons,False,09-Dec-2021,10-Dec-2021,General Linguistics; Ling &amp; Literature; Philosophy of Language; Text/Corpus Linguistics; Translation,,https://old.linguistlist.org/callconf/browse-conf-action.cfm?ConfID=441396
Documentation and Description of Asian Languages:History and Epistemology (SHESL 2021),http://shesl.org/index.php/en/shesl-conference-2021/,Paris,False,20-Jan-2022,22-Jan-2022,History of Linguistics; Language Documentation,,https://old.linguistlist.org/callconf/browse-conf-action.cfm?ConfID=420956
Linguistic Society of America 2022 Annual Meeting (#LSA2022),https://www.linguisticsociety.org/content/lsa-2022-annual-meeting,"Washington, DC",False,06-Jan-2022,09-Jan-2022,General Linguistics,,https://old.linguistlist.org/callconf/browse-conf-action.cfm?ConfID=444156
Modern Language Association - Linguistics in Times of Pandemic (MLA),https://mla.confex.com/mla/2022/webprogrampreliminary/Paper16230.html,Washington DC,False,06-Jan-2022,09-Jan-2022,General Linguistics,,https://old.linguistlist.org/callconf/browse-conf-action.cfm?ConfID=440356
Le français donne la note,https://www.congresfrans.nl,Amsterdam,False,11-Feb-2022,12-Feb-2022,Applied Linguistics; Ling &amp; Literature,French,https://old.linguistlist.org/callconf/browse-conf-action.cfm?ConfID=440736
Sources of knowledge in talk-in-interaction (Knowint 22),http://www.usi.ch/knowint,Lugano,False,07-Feb-2022,09-Feb-2022,Pragmatics,,https://old.linguistlist.org/callconf/browse-conf-action.cfm?ConfID=442856
35th Annual Symposium on Arabic Linguistics,http://arabic.georgetown.edu/the-35th-annual-symposium-on-arabic-linguistics/,"Washington, D.C",False,25-Mar-2022,27-Mar-2022,General Linguistics,"Arabic, Standard",https://old.linguistlist.org/callconf/browse-conf-action.cfm?ConfID=448836
Fourth International Conference on Language Attrition and Bilingualism (ICLA 4) (ICLA 4),https://languageattrition.org/4th-international-conference-on-language-attrition/,New Haven,False,24-Mar-2022,26-Mar-2022,Applied Linguistics; Cognitive Science; Language Acquisition; Phonetics; Phonology; Psycholinguistics,,https://old.linguistlist.org/callconf/browse-conf-action.cfm?ConfID=439736
GERAS Conference,https://www.geras.fr/colloques/colloque-2022,Grenoble,False,22-Mar-2022,24-Mar-2022,Applied Linguistics; Discourse Analysis; Text/Corpus Linguistics ,,https://old.linguistlist.org/callconf/browse-conf-action.cfm?ConfID=449116
Privilèges et marginalisations dans la francophonie (CEFCO),https://lacite.uregina.ca/fr/crfm/colloques/colloque-du-centre-d-etudes-franco-canadiennes-de-l-ouest-cefco,Regina and Online,True,24-Mar-2022,26-Mar-2022,General Linguistics,French,https://old.linguistlist.org/callconf/browse-conf-action.cfm?ConfID=437656
13th Mediterranean Morphology Meeting (MMM13),,Rhodes,False,19-May-2022,22-May-2022,Morphology ,,https://old.linguistlist.org/callconf/browse-conf-action.cfm?ConfID=424376
Generative Approaches to Second Language Acquisition 16 (GASLA 16),,Trondheim,False,12-May-2022,14-May-2022,Language Acquisition; Morphology; Phonology; Pragmatics; Psycholinguistics; Syntax,,https://old.linguistlist.org/callconf/browse-conf-action.cfm?ConfID=446636
XII Congreso Internacional de Historia de la Lengua Española (XII CIHLE),http://cihle12.unileon.es,León,False,16-May-2022,20-May-2022,General Linguistics; Historical Linguistics,,https://old.linguistlist.org/callconf/browse-conf-action.cfm?ConfID=425116
18th Conference on Laboratory Phonology (LabPhon18),https://labphon.org/,"Hanyang University, Seoul",False,30-Jun-2022,02-Jul-2022,Phonetics; Phonology ,,https://old.linguistlist.org/callconf/browse-conf-action.cfm?ConfID=438696
9th International Conference on Intercultural Pragmatics and Communication (INPRA9),https://languages-cultures.uq.edu.au/INPRA2020,Brisbane,False,21-Jun-2022,23-Jun-2022,Applied Linguistics; Discourse Analysis; Pragmatics; Sociolinguistics ,,https://old.linguistlist.org/callconf/browse-conf-action.cfm?ConfID=449376
Semantics and Linguistic Theory 32 (SALT 32),,Mexico City,False,08-Jun-2022,10-Jun-2022,Semantics ,,https://old.linguistlist.org/callconf/browse-conf-action.cfm?ConfID=448196
Word-Formation Theories IV / Typology and Universals in Word-Formation V,,Kosice,False,23-Jun-2022,26-Jun-2022,Linguistic Theories; Morphology; Typology,,https://old.linguistlist.org/callconf/browse-conf-action.cfm?ConfID=404616
LAUD 2022 - Multilingualism in Africa (LAUD 2022),https://www.uni-koblenz-landau.de/de/landau/fb6/philologien/anglistik/laudsymposium,Landau in der Pfalz,False,08-Aug-2022,12-Aug-2022,Anthropological Linguistics; Applied Linguistics; Cognitive Science; Discourse Analysis; Sociolinguistics,,https://old.linguistlist.org/callconf/browse-conf-action.cfm?ConfID=447136
12th International Conference on Third Language Acquisition and Multilingualism (IAML3 conference),http://iaml3conference.ffzg.unizg.hr/,Zagreb,False,15-Sep-2022,17-Sep-2022,Applied Linguistics; Language Acquisition; Psycholinguistics; Sociolinguistics ,,https://old.linguistlist.org/callconf/browse-conf-action.cfm?ConfID=449416
13e congrès des francoromanistes,https://frankoromanistentag.univie.ac.at/,Vienna,False,21-Sep-2022,23-Sep-2022,General Linguistics; Ling &amp; Literature; Sociolinguistics,French,https://old.linguistlist.org/callconf/browse-conf-action.cfm?ConfID=447916
15th International Conference on Greek Linguistics (ICGL15),http://icgl15.fil.bg.ac.rs/,University of Belgrade,False,15-Sep-2022,18-Sep-2022,General Linguistics,"Greek, Modern",https://old.linguistlist.org/callconf/browse-conf-action.cfm?ConfID=432036
Generative Approaches to Language Acquisition (GALA),,Frankfurt,False,01-Sep-2022,03-Sep-2022,Language Acquisition ,,https://old.linguistlist.org/callconf/browse-conf-action.cfm?ConfID=424796
"International Congress of Linguists, ICL21, in Kazan (Russia), 25 June – 2 July 2023 (ICL21)",https://www.ciplnet.com/,Kazan,False,25-Jun-2023,02-Jul-2023,General Linguistics ,,https://old.linguistlist.org/callconf/browse-conf-action.cfm?ConfID=424156
